label,title,subtitle
1,Clemson Tigers 'Get Back' Coach Puts in Work During the Offseason
0,"7 Baltimore officers accused of abusing power, robbing citizens"
1,"How The ""Cash Me Ousside"" Teen Defies Expectations For White Girls"
0,Watch Ariana Grande and Mac Miller Serenade Each Other in 'My Favorite Part' Video
1,Donald Trump’s Cabinet Picks Disagree With President-Elect on Some Key Issues
1,"'NBC's New Year's Eve' Host Carson Daly Shares New Year's Resolution, How to Stay Warm in Times Square"
1,"Obama, Through Kerry, Proposes Dividing Jerusalem"
1,Shoe Thrown At Punjab CM Prakash Singh Badal During Election Rally + 5 Other Stories From Today
1,Texas GOP elector announces he won't vote for Trump
1,"Chol Marial, 14, Stands 7 Feet 3 And Is So Above It All On Basketball Court"
1,It turns out CPR will bring a drowned lizard back to life. A couple of times.
1,'Lack of diversity' among Scottish school heads
1,Burger King makes a whopper of a mess with Google Home ad
1,"A Silicone Ring Worn Around Your Penis Can Improve Your Sex Life Via An App. Lovely, Isn't It?"
0,"A Terror Attack Didn't Sway France's Election, But That's No Surprise"
0,Cosmetics Giant Unilever Pledges More Transparency Over Ingredients
0,Little Mix Songs Remixed: Listen to 7 of the Best
1,I Just Cannot Get Over This Surreal Hidden Beach
1,Oscars Shocker: Warren Beatty and Faye Dunaway Read Wrong Best Picture Winner
0,New NBC music video aims to teach kids kindness
1,61 businesses Trump has targeted on Twitter
1,Bloomberg on Sanctuary Cities: ‘The Law Is the Law’ – ‘You Should Obey the Law’
0,The 10 emotions we collectively felt when watching 'Lemonade' for the first time one year ago
1,"Watch Joey Badass Freestyle Over Future's ""Mask Off"""
1,Antibiotic that can cure hospital-acquired pneumonia is the first new drug of its class for 40 years and could dramatically reduce patient deaths
0,Trump Moving to Take Bids on Building the ’Wall’ - Breitbart
1,20 Hit Songs That Literally Sound Exactly The Same
1,"Economy healed under Obama, but unhappy voters chose Trump"
0,"Roger Ailes opts for secrecy, cowardice in face of Gretchen Carlson suit"
0,Latest terror attack exposes the real barrier to Mideast peace
1,"Hugh Brown photographs artisan miners in Pakistan, India, Bolivia and Indonesia"
1,A treasure hunter found 3 tons of sunken gold — and can’t leave jail until he says where it is
0,"First Watch: The Avett Brothers, ’No Hard Feelings’"
1,17 Signs You're An Adult But Also Still A Kid
1,"Donald Trump references ""Nazi Germany"" in tweet about intelligence agencies"
1,"Another Kerala Man Hosts Lavish Wedding For Daughter, Recreates Delhi's Akshardham Temple"
1,"‘I have been fundamentally condemned to die in prison,’ a drug dealer wrote. Obama listened."
0,Should Ivanka Trump the Woman Wear Ivanka Trump the Brand? 
1,Need A New Year's Resolution? 10 Ideas For A Stronger Career In 2017
0,"In the Indian Ocean, Fragments of a Continent Where They Should Not Be "
0,Rick Derringer Charged With Bringing Loaded Gun on an Airplane
0,"What next for Syria, its allies and foes after fall of Aleppo?"
1,100 Women: The English girls' school reborn in a Nairobi slum
0,Russia marks 70 years since victory over Nazi Germany
1,Watch Live: RNC
0,How Fidel Castro's jeep broke down mid ceremony as it carried his ashes to final resting place 
1,"IMO, Early December Is The Best Time To Start New Year’s Resolutions"
0,"Tampa Bay Lightning avoids penalty box, lets Army captain resell Stanley Cup tickets "
1,Indian army cancels recruitment exams after 'leak'
1,McCain: Obama’s Lack of Leadership Causing ‘Unraveling of the World Order’
1,Avon Freshens Up In a Bid to Win Back Middle America 
0,Anthony Crolla shows heart but loses on points to Venezuelan Jorge Linares
1,Exclusive: Jenna Jameson Denies Role in Anti-Trump Porn Film: ‘Fake News’
0,"EU referendum: Ministers could still be allowed to campaign for British exit, admits Downing Street"
0,"Behind in the polls, Trump returns to friendly ground in the South"
0,Iran’s leader says U.S. still hostile after nuclear deal
0,An Emirates flight has crash-landed at Dubai’s airport
1,Mermaid Instructor? Canine Masseuse? The Oddest Hotel Jobs on Earth
1,Bank Tellers Draw Scrutiny Over Security
0,Speaker Ryan defends CBO estimate the 24M would lose insurance by 2026
0,"Tilikum, the infamous orca that killed a SeaWorld trainer, is dead"
1,18 Memes Only Super Sensitive People Will Relate To
0,ESPN casts shadow over ’Star Wars’ success at Disney
1,Pentagon to NATO: ‘We Want Everyone to Pay Their Fair Share’
0,Zsa Zsa Gabor in her own words
0,Dolly Parton Announces Dec. 13 Telethon for Tennessee Wildfire Victims
0,The Economy Is More Durable Than It Looks 
0,Burgers and burritos come together because goodness exists in the world
0,Justin Amash Emerges as Leading Critic of Fellow Republican Donald Trump
0,"Oklahoma Lawmaker Wants Men To Approve Abortion, Calls Women 'Hosts'"
1,Technology could redefine the doctor-patient relationship
1,After-care proves to be a challenge for an 8-year-old on meds
1,Teen Who Threw Her Newborn out a Window Sentenced to Probation
1,Spotify Executive Confirmed as British Victim of Sweden Terror Attack
0,Recipe swap: share your blue cheese recipes
1,Uber Gives Restless Employees a Way to Cash Out
1,What’s Wrong With This Photo of Melania Trump and Queen Rania?
1,Watch the world's first ever monster truck front flip. You know you'll love it.
1,"Right Wing Groups Wanted Hindus In US To Wear Tilak To Protect Them, Here Is Why It's Not Just Stupid, But Dangerous Too"
0,Trump Ups the Drama for His Supreme Court Pick
1,The Best Dry Shampoo for Every Hair Type
1,UC Berkeley Investigates Alleged Employee Who Assaulted MILO Fan During Riot
0,Clinton Foundation Discloses $40 Million in Wall Street Donations - Breitbart
0,American fighting with Kurds in Syria killed in ISIS battle 
0,"A 9,500-year-old skull gets a 3D makeover"
1,Report: Andrea Bocelli Out of Running for Trump Inauguration After Boycott Threats
0,'Jeopardy!' celebrated the internet last night with meme-themed categories
1,Marketing genius or mad man? The man who sells sneakers for $132K
0,Government 'tried to bury' its own alarming report on climate change
1,Here's What People Really Thought About That Trump Press Conference
1,"SRK-AbRam’s Fun Car Ride, Ranbir Kapoor’s Look For Sanjay Dutt Biopic & More From Entertainment"
0,Texas officer lets teen do 200 pushups to avoid pot citation
1,Girl who lost all her hair dazzles with inspiring response at school 
0,Every Bad Thing We Will Avoid By Rejecting the Paris Climate Accords - Breitbart
1,Sebastian Gorka likes to be called ‘Dr. Gorka.’ He gets his way only in conservative media.
0,Victoria Beckham Teases 'Carpool Karaoke' Sketch With James Corden
1,"We're Now the Friendly Skies, Emirates Tells a Red-Faced United"
0,"In Marshall, Va., Support for Donald Trump Hasn’t Wavered "
0,The Inflatable Space House That Won’t Inflate
1,This Pregnant Mom Took Her Love Of Starbucks To The Next Level
1,Reliance Jio Promises Tariff Packs And 'Exciting New Offers' To Customers Very Soon
1,This Is How Children Reacted To Photos Of Caitlyn Jenner
0,President Obama’s farewell speech was a remarkable pep talk on democracy
0,Penalty rates: Australian principles under attack with decision to cut wages
1,DJ Kool Herc Reminisces About Biggie
1,How To Profit From Trump Inflation
1,Golfing With Trump? Better Leave Your Ego At the Clubhouse
0,Mistrial for South Carolina Officer Who Shot Walter Scott - The New York Times
1,"‘Rogue One: A Star Wars Story,’ ‘Sing’ Dominate Christmas Box Office"
0,Prospect Park spends over $2M to collect human poo
1,Donald Trump announces abrupt change to US foreign policy
1,A Billionaire's Path From One-Room Flat to Mega-Store Empire
1,A new mom flew to Miami to get a ‘Brazilian butt lift.’ She didn’t survive the surgery.
1,Bird flu detected in chicken breeding facility in Tennessee 
1,Free online resources to improve productivity - Business Insider
1,Waters: We Have to ‘Do the Investigation’ to Find Evidence to Impeach Trump
0,"Woman assaulted and forced into car, sparking police chase"
1,17 Teachers Who Are So Extra It’ll Make You Smile
1,'Yolocaust': How should you behave at a Holocaust memorial?
1,Cox BusinessVoice: 5 Considerations Before Ordering WiFi For Your Business
1,America's Richest Celebrities 2016: George Lucas Leads Steven Spielberg And Oprah
0,Israeli fighter jets fired upon during Syria mission in clash with pro-Assad forces
0,"European Taekwondo Champ Sets New World Record, Breaks 111 Blocks in 35 Seconds"
0,A Time for Awakening
1,A Roman Sarcophagus Is Rescued from Humble Duty as a Flower Pot 
0,Report: Harrison Ford has jet run-in at California airport 
0,This Big Short Threatens to Be a Big Bust
0,East Lags West as Nigeria's Biggest Bank Eclipses Kenya Peer
0,21st Century Fox Reaches Preliminary Deal to Buy Sky 
0,Drugs are killing so many people in West Virginia that the state can’t keep up with the funerals
0,PaycomVoice: Honoring Women in Business
0,"The trick to persuading Trump? Flattery, proximity and snappy pitches"
1,Harvard Law School is making a major change to its admissions policy
0,Nicaraguan campesinos tell Ortega to take his canal and shove it
1,This portable smart scooter might be better than your car
1,"The Arctic is showing stunning winter warmth, and these scientists think they know why"
0,Russian aircraft buzzed US Navy ship 3 times in a day 
0,Pictured: The smiling Sharia policewomen who decide how many lashes an 'algojo' enforcer will dish out to women who have broken the law by spending time with a man 
0,Australia to ban children who have not been vaccinated from childcare centres 
0,Seattle Shooting Raises Questions About Officers’ De-Escalation Efforts
0,"At Liberty University, All Sins Are Forgiven on the Altar of Football "
0,"Robots that take people's jobs should pay taxes, says Bill Gates"
1,Donald Trump Ridicules ‘Horrible’ Susan Rice Interview with Andrea Mitchell
0,Chris Christie on Eating Meatloaf: Trump Made Me Do It
0,"Pence visits Japan, turning focus to trade with key ally "
1,Future's 'HNDRXX' on Pace for No. 1 Debut
0,"EU 'leaving migrants to drown' say rescuers who saved 2,000 from Mediterranean in single day"
0,Donald Trump claims Barack Obama behind protests and White House leaks
1,Snowden files 'read by Russia and China': five questions for UK government
0,"Steve King, Hurling Insults at Immigrants, Is Rebuked by His Own Party "
1,‘Paedophile hunters’ scrap Facebook Live stings after police warning
0,The rats who sniff out tuberculosis
0,A foreign policy expert explains why 'David Cameron may go down in history as the worst British PM since Neville Chamberlain'
1,"Apple said to be secretly working on diabetes ""holy grail"""
0,Seth Meyers Takes a Closer Look at Trump's White House Full of Climate Change Deniers
0,"China Raises Some Key Short-Term Interest Rates, Following Fed Closely"
1,President Trump Speaks to Supporters 'Without the Filter of the Fake News'  Insider
1,Did Shia LaBeouf Or James Franco Do This Crazy Thing?
0,"Secrecy, hierarchy haunt Japan corporate culture despite Abe’s reforms"
1,"'Students should mark each other's tests to improve grades', says top school head"
0,"In White House’s Iraq debate, military brass pushed for doing less"
1,Thieves can steal your smartphone PIN code in SECONDS using thermal cameras (and Android users are at greater risk)
0,At Least 5 People Dead in Nightclub Shooting at BPM Festival in Mexico
1,13 Secrets About The Muppets You Probably Don’t Know
0,Alejandro Sanz to Celebrate 'Mas' Album Anniversary With Special Concert
1,5 shocking revelations from the Tennessee teacher criminal complaint
0,Always Dreaming wins Kentucky Derby
0,The cutest #TBT flashback with the U.S. Women's Soccer Team
0,Removing Trump via the 25th Amendment Is a Bad Idea
1,FBI Captures 'Top 10 Most Wanted' Fugitive In Los Angeles
1,'She only married him for his money': Best friend of 'gold digging' Ukrainian Black Widow whose rich husband was unlawfully killed in a hit-and-run claims 'she never loved him' 
0,Vox Sentences: Baby steps toward a general strike
0,Cleveland Files $500 Claim Against Tamir Rice’s Family For “Last Dying Expense”
0,Humanitarian crisis looms amid Mosul offensive
0,Americans officially think Trump is doing a good job The list
0,The Guardian view on the RBS sell-off: a bad deal all round
0,Puerto Rico hit with islandwide blackout after fire erupts
0,President Trump Defends Bill O’Reilly Amid Sexual Harassment Claims
1,Exclusive — President Trump: Oscars ‘Were Focused so Hard on Politics’ They Could Not Get the Basics of the Ceremony Right
0,"Modiji's Gujarat Runs Out Of Patience, Customers Attack Banks And Staff In Incidents Across State"
0,Sanders’ Jewish outreach coordinator under fire after anti-Netanyahu rant
0,"Ready for their close up? Bizarre pictures capture wannabe models posing with swords, guns and a DEAD FISH for utterly baffling photo shoots"
0,Quips and Quotes From Warren Buffett’s 2016 Shareholder Letter 
1,Politico Scoop: Eric Trump Killed Two Deer
0,NBC NewsVerifizierter Account
0,California High School Makes $24 Million From Snap IPO
0,Officer sentenced in shooting death of boy with autism
1,Can you spot the problem with this photo? The list
1,Why just one glass of wine a day could KILL you: Heart flutter risk is greater for people who are frequent drinkers
1,10 things you need to know before the opening bell
1,These Are the World's 50 Best Restaurants
0,How Health Savings Accounts Work
1,Kellogg Foundation Supports Group Headed by Cop-Killer-Loving Black Lives Matter Founder
0,Breast cancer drug rejected for NHS use on cost-benefit grounds
0,State Department was forced to disable security features to receive messages from Clinton email server
1,Black Students at University of Michigan Demand Segregated Space
1,University of Wisconsin-Madison: ‘Problem of Whiteness’ Course Not Meant to Be Offensive
1,12 Moments That Prove Queer Teens Totally Won 2016
0,"Kristaps Porzingis wants to stay with Knicks, but winning most important"
1,CBREVoice: How To Turn Your Workplace Into A Desired Destination
0,"Shia LaBeouf Has Complete Meltdown at Bowling Alley, Calls Bartender a 'F**king Racist!'"
1,Oblivious Guys Hilariously Explained What Happens At The Gynecologist
0,Carrie Fisher talks about the aftermath of her affair with Harrison Ford
0,"OPEC Keeps Its Promise About Crude Oil Cuts, IEA Says"
0,Terrorist is shot dead by Turkish police after he opened fire on officers and tried to break into their precinct 
0,Trump's Syria strike could be the moment that defines his legacy
0,Golden age of darts in the right place to capture millennial generation  Subscribe now for full access or register to continue reading Subscribe now for full access or register to continue
1,The Weeknd & NAV Are Up To Their Necks in Models in 'Some Way' Video: Watch
0,Protesters Endure Blizzard to Remain at Standing Rock
0,Robin Hood tree wins coveted Tree of the Year crown
0,A handful of nuts a day could slash risk of heart disease and cancer 
1,19 Times J.K. Rowling Was Sassy AF On Twitter In 2016
0,Police believe body found in river is likely missing New Hampshire teen
1,This joke about Donald Trump is extremely rude and we don't condone it even a little The list
0,Trump's Immigration Crackdown Triggers Anxiety Across U.S. Farms
1,News From Elsewhere
1,Cars fall into Los Angeles sinkhole
0,"Trump Threatens North Korea, Insults China In 140-Character Snippets"
1,"The One Thing Donald Trump Finds Underrated, According To His Tweets"
0,Botched castle restoration is deemed a ’heritage massacre’
0,Here’s How A Jewish Woman’s Poem Redefined The Statue Of Liberty
0,Anis Amri: Small-Time Criminal Turned Berlin Truck Killer
1,Alec Baldwin: ‘Thoughtless Pig’ Voicemail to Daughter Gets ‘Thrown’ in My Face Every Day
0,Breast cancer charity condemns 'disastrous' recommendation to block pioneering treatment
0,This Cleveland weatherman is not happy about the no-calls on LeBron James
0,"Traumatised juvenile detainees at higher risk of reoffending, psychiatrist says"
1,#SHKRELOPOULOS: Martin Shkreli To Guest Star At MILO UC Davis Event
1,5 ways Apple can get back in the game in 2017
1,Helen Mirren’s Instagram Is The Most Delightful Thing You’ll See Today
1,Facepalms of the week
0,Britain's cushiest jail: The super-prison where inmates are 'men not offenders'
0,Al Gore Meets With Donald And Ivanka Trump In Search For ’Common Ground’
0,Mary Beard v Arron Banks: 'Your vision of the EU is like mine of Rome – a dream'
0,Kobe Bryant Defends LeBron James' High-Volume Shooting During NBA Finals
0,South African astrologer fights to legalise 'magic' mushrooms
1,9 Wonderfully Weird Ornaments For People Who Don't Do Tradition
1,Why I Refuse To Remove My Hijab In Trump’s America
1,19 People Who Are Already Having A Shitty 2017
1,"If You Get 11/15 On This Quiz, You Can Basically Be President"
1,Cubs dominate MLB's list of most popular jerseys
0,"In America, gun rights are for whites only"
0,Police search for man who took selfie at the wheel - after he's caught out by reflection in sunglasses
0,Paul Manafort Is Back
0,The disappearance of Jonathan Spollen
1,They were hoping to get to the US -- and then Trump banned them
1,The Most Unique Looks at the 2017 Golden Globe Awards
0,Father of newborn baby girl found BURIED ALIVE in a field in India is arrested for attempted manslaughter 
0,"Martin McGuinness, IRA chief of staff turned Sinn Féin politician – obituary Subscribe now for full access or register to continue reading Subscribe now for full access or register to continue"
1,Forgot about Dray? Green does it all in Warriors' Game 1 triumph
1,"Marriage is more beneficial to men than women, study finds"
0,"Sections Shows Live Yahoo!-ABC News Network | © 2017 ABC News Internet Ventures. All rights reserved. ABC News Hillary Clinton Gets Ready to Make Her Pitch at 1st 'Official' Campaign Rally Hillary Clinton Gets Ready to Make Her Pitch +No-Fly Zone Ordered For Hillary Clinton's New York City Kickoff Rally +Hillary Clinton's Campaign to Unofficially Get Official Trump was talking about general surveillance in wiretapping claims, Spicer says GOP congressman defends racially charged tweet against critics What the CBO does and how it gets its numbers The Note: Waiting for the CBO score Kellyanne Conway doesn't have 'any evidence' of surveillance claims Congressional Budget Office expected to release report on GOP health care bill Trump budget chief: President is focused on health care, not insurance coverage Democrat: Trump 'enthusiastic' about call for Medicare to negotiate drug prices Democrats, some Republicans, condemn Preet Bharara being 'fired' Top Democrat: Trump's dismissal of US attorney Preet Bharara raises 'a lot of questions' Republican senator: GOP risks losing House majority if health bill approved 'This Week' Transcript 3-12-17: Mick Mulvaney, Sen. Tom Cotton, Rep. Adam Schiff, and Rep. Elijah Cummings States seeking Trump travel ban block want new hearing Verizon sought $925 million penalty for Yahoo's lax security Photography project captures 'first hello' between parents and newborns Pregnant woman rewards man who offered his seat with a custom trophy Mom reunited with lost family video found at Goodwill Villanova's 2016 March Madness win recreated with Legos Disinfecting agent turns Canada city's water bright pink Friar dog adopted by monastery becomes online sensation Teen helps elderly man cross the street during hailstorm in act of kindness"
0,Hitler's stolen children: Woman snatched as a baby by the SS and experimented on by Nazis in bid to create an Aryan race reveals her lifelong search to find her true identity
0,This wonderful spring is a sign of… completely normal weather Subscribe now for full access or register to continue reading Subscribe now for full access or register to continue
0,Why millennials are such tough customers
0,"Customs arrest in courthouse sends “horrible” message, official says"
1,Trevor Noah: One thing Donald Trump is honest about is his lies
1,2 HDFC Bank Officials Booked In Gurgaon For Illegally Swappiing Old Notes With New
0,"Mitt Romney Used A PowerPoint Presentation To Criticize Barack Obama, Because Of Course He Did"
1,These Parents Threw A Lit “Divorce Party” To Make Their Split Less Awkward
1,Woman jailed for helping Sabrina Moss' killer
1,Could Nutella really cause cancer? Here's what you need to know
0,Delhi High Court Has Ruled That Children Born As A Result Of Rape Will Now Get Compensation
1,"The hipster is dead, and you might not like who comes next"
0,Rakhi Sawant Is Likely To Get Arrested For Her Objectionable Comments Against Sage Valmiki
1,New Photos Of Mysterious Bright Spots On Ceres Are The Sharpest Yet
1,Stargazing guide: Look up and see these 10 things in April Featured Stories Additional stories
1,"Thank you for your support, which is more important now than ever"
0,Kirk Cousins Reportedly Won't Sign New Contract Before Franchise-Tag Deadline
1,"Why everyone has brown eyes, even if they appear blue"
0,Could 2020 Bring An Epic Battle Between Trump And Oprah?
0,Donald Trump Tests New Nickname for Clinton: ’Heartless Hillary’
0,Fatal shooting at Denver motorcycle show
1,"India's Men Need Paternity Leave As Much As Women Need Maternity Leave, Here's Why"
0,Study: 30% of kids have two or more sugary drinks a day
0,PHOTOS: Chicago’s food scene offers winning tastes both high and low
1,This poster of celebrities the world has lost in 2016 is just heartbreaking The list
1,Zimbabweans To Pay 35 Quadrillion Local Dollars For $1 As Currency Dies
1,How Jeb Bush’s campaign ran off course before it even began
0,'Please get to her!' Woman burns to death in a tower block blaze as her neighbour helplessly looks on while she screams for help 
1,"Sections Shows Live Yahoo!-ABC News Network | © 2017 ABC News Internet Ventures. All rights reserved. ABC News Virginia Teen Ali Shukri Amin Allegedly Admits Radicalizing Others to Join ISIS Teen Allegedly Admits Radicalizing Others to Join ISIS Trump was talking about general surveillance in wiretapping claims, Spicer says GOP congressman defends racially charged tweet against critics States seeking Trump travel ban block want new hearing Verizon sought $925 million penalty for Yahoo's lax security Abrupt dismissals leave US attorneys scrambling Shots fired at Ferguson protest sparked by new documentary Carlos the Jackal regrets not killing 'people I should have' Photography project captures 'first hello' between parents and newborns Pregnant woman rewards man who offered his seat with a custom trophy Mom reunited with lost family video found at Goodwill Villanova's 2016 March Madness win recreated with Legos Disinfecting agent turns Canada city's water bright pink Friar dog adopted by monastery becomes online sensation Teen helps elderly man cross the street during hailstorm in act of kindness Senator asks ethics office to assess Trump's foreign deals Tribes ask judge to stop Dakota Access oil from flowing Officials warn of global religious extremism threat to China Malaysia says it will give Kim's family time to claim body WikiLeaks' latest release raises questions about who and why A familiar name: Democrat Kennedy fights GOP on health care Top Saudi prince to meet Trump in White House visit Top Democrat: Trump's dismissal of US attorney Preet Bharara raises 'a lot of questions' Unsolved double murder haunts Indiana town 'Jersey Shore' stars reunite for Sammi's 30th birthday party Turkey-Netherlands feud simmers as Dutch election looms Criss Angel speaks out after losing consciousness in failed stunt Nick Viall might be first Bachelor 'to be left at the end' 'Arrow' star Colton Haynes is engaged to Jeff Leatham"
0,Billy Ray Cyrus Is Hinting That Miley And Liam Secretly Got Married
1,Prison officers acted unlawfully in restraining inmate who later died
0,Judge: Casey Anthony may have accidentally killed daughter
0,Facebook blocks Pulitzer-winning reporter over Malta government exposé
0,"College Republicans, YAF Sue Berkeley over Ann Coulter Event - Breitbart"
1,"Know your good side, capture your emotions and NEVER take belfies: Artist analyses thousands of pictures to create 66 golden rules for snapping the perfect selfie "
1,Charity Shop Finds Mystery Widower Who Pinned Heartfelt Note to Wedding Gown - Yahoo
0,Catalan ex-leader Artur Mas banned from office over illegal referendum
1,"Russ, Kawhi, Harden, or LeBron? We Know Who Deserves To Win NBA MVP"
0,Watch This Guy Dynamite A Christmas Tree Just In Time For The Holidays
0,"Magic Johnson says LeBron might be having greatest Finals ever, and Curry and Green need to keep quiet - SportsNation - ESPN"
0,US strikes on Syria: Xi Jinping told Donald Trump he understood the US response 'because of the death of children'
0,Uber CEO Travis Kalanick has quit Trump’s business council
1,Syrian Airfield Strike: What Is a Tomahawk Land Attack Missile?
0,The one thing rich parents do for their kids that makes all the difference
1,"Where does Warren stand? Liberal icon tangling with Dems, base "
1,Here's how much millionaires would save under GOP Obamacare repeal bill
0,"'Rogue One' has the 2nd-best December opening weekend ever, with $155 million"
1,GM Food - Cultivating Fear
0,Newsmax CEO And Trump Friend Blames Reince Priebus For Rocky Start
1,Second Detroit Doctor Busted in Female Genital Mutilation Ring
1,"People are sharing their ""ugly duckling"" photos The list"
1,"Walter Cronkite Awards Dub Jake Tapper, Jorge Ramos, and Katy Tur Best Reporters of 2016 Election"
1,Alabama Players Are in Awe of Nick Saban's Sick New Mercedes
1,"11 Things People With Motion Sickness Are Sick, Tired And Nauseated Of Hearing"
0,"In Netflix’s perfect revival of ‘One Day at a Time,’ there’s hope for the future of sitcoms"
1,19 Cleaning Tips For The Neglected Corners In Your Home
1,Secret Service Taking ‘Appropriate Action’ Against Agent Who Suggested She Wouldn’t Defend Trump from Bullet
0,There Was A Spitting Fight In The Brazilian Congress
0,ANALYSIS: Retail takes a hit in disappointing jobs report 
1,How the Dow Adds Up to 20000
0,"Trump Targets Muslims, Refugees In New Executive Order Issued On Holocaust Remembrance Day"
1,One kitty's cuddly nature proves that not all cats are total jerks
1,Gay Hair Salon Owner Installs Anti-Bigotry Sign After Homophobic Incident
1,Where Apple Ranks In Warren Buffett's Portfolio
0,David Letterman Addresses Jimmy Fallon's Hair-Tousling Trump Interview
0,Youngest Kids In Class At Higher Risk Of ADHD Diagnosis
1,This new cookie is causing some seriously weird side effects The list
0,"Botched drug trial leaves one person brain dead, five others hospitalized in France"
1,"Risky behavior declines with age, and gray matter may explain why"
1,Here are the must-see movies that are going to win Oscars in 2017
1,L.A. Olympics CEO: Trump More Helpful than Obama
1,French Presidential Favourite Macron: Terrorism ‘Part of Our Daily Lives for Years to Come’ After Paris Shooting
0,Ten Held In Brussels Police Raids Targeting An Islamic State Recruitment Network - Breitbart
1,These Engineering Students From Manipal Are Building A Rocket That Will Take A Payload Of 4Kg To The Height Of 10 KM
0,Faye Dunaway says she felt 'very guilty' about Oscars envelope fiasco
1,"Teen investigative journalists oust shady principal, give us all hope for future"
0,Valentine's Day by the numbers Video 
0,37-year-old who says she can’t get a lawyer job after applying to 150 firms loses her lawsuit against her school
0,Police attempt to change scope of undercover officers inquiry
1,"Donald Trump's first 100 days, in tweets"
0,India frustrated against Bangladesh as Ajinkya Rahane makes 98
1,‘Drunk Don Lemon’: CNN Cuts Mic During New Year’s Eve Show
1,Here are the potential sinister motives behind Donald Trump's voter fraud lie
1,A Paper Airplane Drone That’s Nearly Indestructible
0,Jayalalithaa’s Coffin Maker Has Made More Than 500 VIP Caskets Including Former PM And Film Stars
1,13 people who had a great 2016 (who you can actually be happy for)
1,Everything You Need to Know About How a Supreme Court Nominee Gets Confirmed 
1,Why Only Americans Are Interested in the Hunt for Alien Life
1,Joseph Jakubowski manhunt: Fugitive purportedly writes letter threatening violence on Easter Sunday 
1,"Rise And Shine, And Take This Quiz So We Know Whether Or Not You’re A Morning Person"
0,'He did nothing wrong': Florida principal ousted after defending Texas cop 
0,Sri Lanka floods: Battle to rescue stranded as death toll mounts
1,The president of visuals
1,‘Great Wall’ Star Matt Damon: ‘I’m Not a Believer in Walls’
1,"Yes, LaVar Ball is ridiculous ... and college basketball could use more people like him"
0,Donald Trump says 'buy American' during Congress address while Ivanka wears $1868 dress by French designer
0,21 random facts about ’Jaws’
1,These Engagement Pictures Of Adorable Pups Are Breaking All Records Of Cuteness!
1,Money Doesn't Grow On Trees: Financial Basics For Your Kids
1,Have you been affected by combat stress?
0,"Marshawn Lynch, Raiders Rumored to Be Far Apart on Contract Asking Price"
0,"David Price Underwent MRI on Elbow Injury, Scratched from Spring Training Start"
0,Man is given 12-month prison term after having sex with his girlfriend without a condom on without her realising in Switzerland 
0,LAPD Commission Faults One Officer In Fatal Shooting Of Mentally-Ill Man
1,The 12 simple diet tweaks EVERYONE should make in the run up to Christmas to ensure you don't pile on half a stone this December (and they're a lot easier than you think) 
0,Twitter Removing 140-Character Limit from Direct Messages
0,Muhammad Ali in hospital with respiratory problem
1,Clever Browser Extension Helps You Find New Library Books — On Amazon
0,Mark Rutte’s Test
1,When And How You Should Ask For A Raise: The Dos And Don'ts
1,Help us solve the mystery of Kendall Jenner's shorts
1,These scientists want to create ‘red teams’ to challenge climate research. Congress is listening
0,Here’s What We Think Pokémon Would Taste Like
1,Azealia Banks Has Apparently Been Sacrificing Chickens and Twitter Is Very Concerned
1,What happens if you don't file your tax return?
0,"Malaysia passes child sex crimes law, but says child marriage is OK"
1,How our culture of kink-shaming is making us much less sexually liberated than we think
0,Kyah Simon strikes twice as Australia beat Nigeria to keep dream alive
0,"This weed-friendly gym will let you smoke, eat, and rub pot on your body"
0,Why High School Students Need More Than College Prep
1,Airliners of the Future May Sport Some Very Unusual Designs
1,19 Kitchen Horror Stories That’ll Make You Give Up Cooking Forever
0,Investigators Probed Jeff Sessions’ Contacts With Russian Officials  
1,"Doomsday Clock Moves 30 Seconds Closer To Midnight, We Are Just Two-And-A-Half Minutes Away From Apocalypse!"
1,What will change for your finances in 2017
1,"As Womadelaide turns 25, what counts as 'world music'?"
1,Dem Rep Gabbard: I’m ‘Doing My Homework’ on the Impeachment Process
1,The Most Common Passwords In 2016 Are Truly Terrible
1,Syria: Six simple questions for a complicated conflict 
0,Obama urges Cameron to keep 2% defence spending target
1,A Brief History of Humankind’s Desperate Attempts to Stay Fit
0,"Tiger Woods Hopes to Play in 2017 Masters, Beats Michael Strahan in Putting"
1,Is your makeup adding years to your face? The beauty blunders that are making you appear ten years OLDER (and how to fix them fast)
0,Charles Manson prosecutor Vincent Bugliosi dies at 80 
1,Animated map of what Earth would look like if all the ice melted
1,"What Combines Iron Maiden, Dinosaurs and Play Dates? Hevisaurus, the Heavy-Metal Sensation for Children"
0,Queer Muslim women from the south: ’We exist and we’re fierce’
1,Ranking All 124 Episodes Of 'It's Always Sunny In Philadelphia'
0,Business PR And Politics: How Will Trump's 'Endorsement' Affect L.L. Bean?
1,‘Shattered’ Revelation: Clinton Campaign Hatched Russian Hacking Narrative 24 Hours After Hillary’s Loss
1,Vice President Pence Appears to Support EU Freedom of Movement
0,"School funding cuts to hit poorer areas harder, says Labour"
0,alt-J Talk Chasing Excitement And Magic On A Confident New Album
0,Brazilian firms to pay record $3.5 billion penalty in corruption case
1,Build A Wedding And We’ll Tell You If You’re Single
1,Director Joss Whedon Calls Ivanka Trump a Dog
1,49 Bizarre But Also Very Real Fears Every Woman Can Relate To
0,‘They want to prove they’re “real men”’: Princeton suspends swimmers for ‘misogynistic’ messages
0,Here Are The 15 Countries Where Rex Tillerson Is Personally Invested
0,"Delta Airlines Will Offer Almost $10,000 For Passengers to Give Up Seats After United Incident"
0,Aides scramble to clarify Trump's abrupt tweet about nukes
0,Berkeley Student Among 20+ Murdered In Bangladesh Islamic Terror
0,Marine Le Pen Approval Ratings Up After Nice Attack
1,10 Artists to Watch in 2017
0,9/11 Lawsuits Against Saudi Arabia Flow Into Federal Court Under 2016 Law
1,9 Very Gross Food Choices You Need To Make
0,Hawaii files first lawsuit against new travel ban
1,Was 2016 good or bad? May and Johnson differ in Christmas messages
1,Singular Single-Malt Whiskeys Born in the USA
1,How Astronauts Will Ring in the New Year
1,Court Rules CNN Racial Discrimination Lawsuit Can Proceed
1,"Al Gore: Global Warming a ‘Principal’ Cause of the Syrian Civil War, Brexit"
0,President Trump Speaks to Supporters 'Without the Filter of the Fake News'  Insider
0,"Wallet allegedly stolen returned 8 years later with $141, cards still inside - Yahoo"
0,From rusting ships in lush green jungle to tanks in crystal clear ocean: Amazing aerial photos show WWII wrecks in watery graves off remote Pacific Ocean tropical islands
1,Stumped On Holiday Gift Ideas? Let Forbes' 30 Under 30 Alumni Help
1,Space Scientists Will Pay Men to Stay in Bed for 60 Days
1,"NYT’s Alcindor: Democrats ‘Sound Somewhat Confused,’ Don’t Have ‘Clear Leader’"
0,White House To Grant $110 Million To Drought-Stricken States
1,Will Moonlight beat La La land? Our final Oscars 2017 awards predictions
1,"Liquor Shops Along Highways Shut, Indian Student Assaulted In Poland And Other Must Read Stories"
0,News From Elsewhere
0,"Government to create 200,000 new apprenticeships"
1,"Nancy Sinatra Slams CNN, Congratulates Trump: ‘Why Do You Lie, CNN?’"
1,Awe-inspiring photos of Earth remind us just what's at stake
1,Old man dances at Dutch electronic dance festival
1,Your Guide to Republicans’ Scramble for Health-Care Votes
0,"Alright, So, How Does Arthur Wear Glasses?"
0,Critics say Carson’s slavery and immigration remarks similar to Obama’s 
1,Crash victim miraculously survives after a STEEL POLE speared through his chest in horrific road accident
0,Hate Trump supporters? Hate liberals? Here’s why
1,Young Thug Wears a Dress on the 'Jeffery' Cover
1,"In a first, woman delivers baby after transplant of her frozen childhood ovarian tissue"
1,One Quality That Sets Successful Parents Apart
0,Why LinkedIn is worth $26 billion to Microsoft
0,"The week in finance: US banks jump on deregulation, China tightens and RBA to hold"
1,How food inspires names of India's Parsis
1,What Happened When a French Billionaire Built a Free Coding School in California
1,Watch E! News Now Season 2017 Excerpt Free Online - Karrueche Tran Files Restraining Order Against Chris Brown | Yahoo View
0,Belly & Future Link Up for Trippy 'Frozen Water' Video: Watch
0,J. Cole Previews New Music in '4 Your Eyez Only' Documentary on HBO
1,"Obama and the Middle East - too little, too late?"
0,"Like Melania Trump, You Too Can Have a Glam Room, for $50,000"
1,Ars Technica: White House Fails to Make Case that Russian Hacking Tampered with Election
0,"Brian Williams: Trump Attacking Media Because When You Reduce Its Prestige, It Diminishes the Facts They Report"
1,Initial jobless claims fell by more than expected
1,"UK teacher becomes one of youngest people to die from dementia, aged 40"
0,"Girl, 11, killed in the Stockholm terror attack as she walked home is named as Ebba Åkerlund"
0,Carrie Fisher Raised Billie Lourd 'Without Gender'
1,6 things you should never store on your work computer
0,Europe poised for total ban on bee-harming pesticides
1,"Scarlett Johansson Leads Superhero-Filled List of 2016's ""Top Grossing Actors"""
1,From Caitlyn Jenner to a Brooklyn High School 
0,"ESPN’s 100-person round of layoffs was brutal, but the network isn’t doomed"
0,Donald Trump Agrees Not to Talk Publicly About Mexico Paying for Border Wall
0,’Game of Thrones’ actor Peter Vaughan dies at 93
1,Immigrant Accused of Child Rape Disappears after Posting Bond
0,Gold drops suddenly and sharply
1,Sex Dolls That Talk Back 
0,"Investor property lending surges, putting regulators on 'high alert'"
0,Ed Helms To Host ‘Fake News with Ted Nelms’ Special for Comedy Central
0,Denmark awaits Seoul’s extradition request for Choi Soon-sil’s daughter
0,Trumped-Up Dollar Seen Outshining All Else Into 2017
1,Selena Gomez & The Weeknd Snuggle Up in Sweet Instagram Selfie
1,Inside the hidden world of Indonesia's transgender women: Incredible photos reveal life for the 'waria' at a safe haven boarding school where they study religion away from the communities that shun them
0,Don Poli ruled out of the Cheltenham Gold Cup with injury
0,Ben Carson: comparing gay rights to civil rights leaves him 'a bit irritated'
1,"Police Shoot Tear Gas to Disperse Hot 97 Summer Jam Crowds, 61 Arrested"
1,"Here are 15 of the most notable members of Mar-a-Lago, Trump's 'Winter White House' that costs $200,000 to join"
1,Captivating slow motion footage shows moment lightning strikes a beach
0,"Bowe Bergdahl, Facing Desertion Trial, Asks Obama for Pardon "
1,Ballroom Dancing: Fitness Doubles as Date Night
1,Five Innovations That Could Transform Air Travel
0,Inside The Immigrant-Prosecuting Machine That Transformed America's Deportation Policy
1,RBC WealthVoice: The Million-Dollar Guide To Estate Planning
0,"""Bring it on"": Students sue Trump administration over climate change"
1,19 celebrities you didn't know were twins Celebrity twins you had no idea existed Gisele and Patrícia Bündchen Ashton and Michael Kutcher Scarlett and Hunter Johansson Jon and Dan Heder Jenna Bush Hager and Barbara Bush Aaron and Angel Carter Vin and Paul Diesel Tasha and Sidra Smith Rami and Sami Malek Alanis and Wade Morissette Dylan and Cole Sprouse Willow and Autumn Shields Judy and Joselin Reyes Shawn and Aaron Ashmore Charles and Max Carver Giovanni and Marissa Ribisi Kate and Karen Lawler Samantha and Charlotte Ronson Elvis and Jesse Presley
0,NAACP President Calls On Donald Trump To Apologize To John Lewis
1,"Fliers, Do You Know Your Rights? "
1,"Someone Threw The 'Veep' Music Over That Awkward Trump Non-Signing, And It's Fantastic"
0,Montana Mines to Test Trump Team’s Appetite for China Deals
1,"How Well Do You Remember Chapter One Of ""Stranger Things""?"
1,DBS BankVoice: How To Live Luxe For Less
0,Malaria Wiped Out In U.S. But Still Plagues U.S. Hospitals
1,Why Arsenal need Zlatan Ibrahimovic
1,"South Carolina's Twitter Trolls Duke After Loss, Posts Link to 'DidDukeWin.com'"
0,"Call them 'Virtual reality experiences,' because that's what the cool kids say"
1,"13 signs you have a work spouse, even if doesn't feel like it"
0,Justin Trudeau gave a sarcastic reporter a quick lesson in quantum computing
0,This designer made Lady Gaga look super cute
1,Annotated: What does Nicola Sturgeon's Scottish independence letter say and really mean? 
0,Oscars 2017: See All the Stars on the Red Carpet
1,Body positive activist releases a VERY racy book of 101 sex positions for curvy women (so would you be brave enough to try them?)
1,Now We Know Why Sasha Obama Skipped Dad's Farewell Address  Insider
0,"Hedge funds stoop to new lows after mishandling fees, accounts"
1,Jesse Watters: Under Armour Should ‘Rip Up’ Steph Curry’s Contract After Criticizing Company for Trump Support
0,Housing Shortage Fuels Price Gains 
0,No one should feel good about Trump’s attack on Syria
1,"The country where people devour pasta, wine and olive oil is the world's healthiest. Really."
0,It's great women can be members of Muirfield – just don't make me join my husband on the course Subscribe now for full access or register to continue reading Subscribe now for full access or register to continue
1,"Trump’s New Ban Leaves Few Spots for Refugees, Even the Hunted "
0,Federal Ethics Chief Wants Meeting With GOP Oversight Chair To Be Public
0,"Blindsided by SUV boom, Hyundai Motor trims costs, perks"
1,Whoopi: Are the Trump Administration Values ‘Really Much Different than the Taliban’s’?
1,"Jamie Scott on the Secret to Writing Hits for One Direction, Justin Bieber & Niall Horan"
0,Here's The Law That Poses The Greatest Threat To Donald Trump
0,"Church massacre, other killings strain forgiveness for many "
1,How to Boost Your Social Security Check by 85 Percent
0,Former New York Jets running back Joe McKnight has reportedly been killed in a road-rage incident
0,Resurgent MacBook Pro Hobbled By Intel's New Technology
0,Jimmy Garoppolo Trade Rumors: Browns Reportedly Pursuing Patriots QB
0,Elizabeth Warren Tells Us That She Can't Even With Jamie Dimon's Mansplaining
0,NYT: Obamas Could Bag $45 Million Book Deals - Breitbart
0,"For Iraqi Christians After Islamic State, Hope Amid the Ruins"
0,This Is How ISRO Was Born After India's Rocket Dreams Began In Ahmedabad
0,State Department drops human rights as condition for fighter jet sale to Bahrain
0,"Bucks trade Miles Plumlee for Hornets' Spencer Hawes, Roy Hibbert"
0,"Nigeria mistakenly bombs refugee camp, kills more than 100, official says "
0,Police Say ‘Car Surfing’ to Blame in Iowa Teen’s Death
0,College Rape Prevention Program Proves a Rare Success 
0,"Our Mob, God's Story: Indigenous artists share Christian faith through painting"
0,Patriots star Rob Gronkowski to have back surgery Friday
1,DELINGPOLE: Environmentalists Aren’t Just Wrong. They’re Loathsome And Evil Too.
1,BBC Trending
0,HSBC is cutting about 100 senior bankers around the world
0,"Lessons from the first ‘tiny house’ evangelist, Henry David Thoreau"
0,Anonymous Bomb Threats Rattle Jewish Centers Across Eastern U.S. 
1,"Want to land a great job? Don't go on a 'gap yah', work at JD Sports"
1,The internet is losing its mind over these eerie photos of Nicola Sturgeon and Margaret Thatcher The list
0,John Cummings obituary
1,5 Gorgeous DIY Food Gifts No One Will Believe You Made
1,"Property Doctors: Can I become a buy-to-let landlord with a budget of £300,000? Subscribe now for full access or register to continue reading Subscribe now for full access or register to continue"
1,"Blake Lively, Viola Davis, Ashley Graham, and More Gorgeous, Smart Celebs Hit the Time 100 Gala"
1,Why Are People So Bothered by a Colorful Photo of 5 Black Women?
0,Golden State Warriors Charter Plane to Fly Employees to NBA Finals Game 3
1,"Michel Roux Jr, here’s a recipe for tipping"
0,Why the San Francisco 49ers could trade quarterback Colin Kaepernick in 2016 -- Clayton's mailbag
0,Lululemon is soaring after beating on earnings and raising its guidance
0,Utah Judge Rules Michael Jordan Pushed Off on Bryon Russell in 1998 NBA Finals
0,The recession we're already in
0,NFL wildcard round: New York Giants 13-38 Green Bay Packers – as it happened!
0,"Jimmy Carter Makes a Stand for Solar, Decades After the Cardigan Sweater "
1,Will Dishonesty Kill Cleantech?
1,Pilot walked away after plane crashes nose first on Maine highway 
1,This Is Why Your Team Won't Win the Super Bowl Next Year
1,"GOP Sen Cotton: If Dems Filibuster, ‘Republicans Will Do What We Must’ to Confirm Gorsuch"
1,These 8 men are richer than 3.6 billion people combined
1,6 of the Craziest Things We Saw Go Down During Inauguration Weekend
0,President Barack Obama Delivers Farewell Address: Watch Here
0,Trump's team showing signs of decay involving key players
1,'I woke up to see a little boy at the end of my bed': People reveal the creepiest things that have ever happened to them (and some stories will keep you awake at night) 
0,'This was a genuine human error': BBC forced to apologise after wrongly announcing The Fall star Mark E. Smith's DEATH in epic Twitter blunder
0,Blackberry doing better since ditching the smartphone business
1,The world's longest airline routes
1,These Guys Sang Mariah Carey's Christmas Smash For A Great Reason
1,Quiz of the week's news
1,This couple earn a six-figure salary by travelling the world
0,John Glenn Lies in Honor at Ohio Capitol for Public Goodbye 
0,"’Nurse, Spy, Cook:’ How Harriet Tubman Found Freedom Through Food"
0,South Korea shows the world how democracy is done
1,Top 50 EDM Love Songs of All Time
1,Science Says These Five Things Prove You're Smart
0,'Madam President' Newsweek Copies for Sale Online — But Buyer Beware
1,Video of guy punching a kangaroo in the face has quite a story behind it
1,The Apprentice 2016: Alana Spencer triumphs in the strongest final in years - review
0,"Kansas left early from the Big 12 tournament, and that might or might not mean anything"
1,"How auto dealers can use GPS and ""starter interrupter"" tech to disable your car"
1,This Rescued Pit Bull's Smile Is the Cutest Thing You'll See Today  Insider
0,"As White House defends Jared Kushner, experts question his back-channel move"
0,Instagram is changing comments in a big way
0,Seriously exciting times: Australia just got its first direct flight to Europe
1,"Build Your Ideal Breakfast And We'll Tell You If You're More Type A, B, Or C"
0,Man who tried to take his own life given 'miracle' face transplant
0,'Very Fake News': Pres. Trump Questioned on Intel Leaks by CNN's Acosta  Insider
0,"U.S. Presidential Race, Syria, William Bratton: Your Friday Evening Briefing - The New York Times"
0,Tomahawk missiles: Explaining the weapons the US used to strike Syria
1,Curt Schilling: I’d Be Voted in MLB HOF if I Said ‘Lynch Trump’
1,Man learns why you shouldn't try to take a selfie with a sea lion
0,Anxious about the election? Here’s some perspective.
0,Cui Jian and Chui Wan: the changing sound of Chinese rock music
1,Hereâs what the liquid on top of your yogurt is â and why you should stop pouring it out
0,"German police arrest Syrian refugee 'who asked ISIS for £150,000 to turn cars into suicide bombs he could drive into crowds of non-Muslims'"
0,White officer seeking to throw out fatal shooting video 
1,"Yazidi Activist: Islamic State Cut Open My Friend, Raped Her Baby, Then Raped Her"
0,Spanish Singer Bimba Bose Dies at 41
0,Here's how much millionaires would save under GOP Obamacare repeal bill
1,Indiana Town’s Entire Police Force Resigns
1,Can you find the sheep hiding amongst these Santas?
0,'American Idol' Season 10 Winner Scotty McCreery Cheers on the Patriots at Super Bowl Rally
1,"Kerry Ingram, AKA Shireen From 'Game Of Thrones,' Is Alive And Well On Twitter"
0,"Tales from the Coast with Robson Green review: seals, eels and no bare bums"
1,We Already Have a Magic Wand to Protect Fish -- Let's Use It
1,'Clean Sleeping' Is Expected To Be The Biggest Health Rage Of 2017
0,Samsung Heir Lee Arrives Shackled at Special Prosecutors Office
1,Doing this turns children into narcissists The list
0,Oil Hovers in Tight Trading Range Amid Global Supply Tug of War
1,George Osborne's Mansion House speech
0,14 Things We Learned From Caitlyn Jenner’s ‘20/20’ Interview [Video]
1,The Sun criticises Newcastle's reporter blacklist with special back page
1,"If you want to end a relationship, this is how to do it The list"
0,"Run-DMC Sues Wal-Mart, Amazon for $50M"
0,Israel makes it official: Cannabis is not a crime
0,Those brutally small airplane seats may soon be a thing of the past
0,NCAA Tournament 2017: Strengths and Weaknesses for Top Contenders
0,"Data dive: Corporate holiday parties: Booze, yes; sex, no"
1,The 'Rainbow People' who meet around the world for meditations and NAKED gatherings where they 'express their love for each other' 
0,Donald Trump Faces a Barrage of New Allegations
0,"LeBron James' Barber Discusses His Hair, Says It's His 'Hardest Haircut'"
0,Tom Brady Posts Odd Cartoon Trolling Texans Fans After Pats’ Win
0,Pepsi Pulls Kendall Jenner Ad Following Intense Backlash
0,Man And Protester He Sucker-Punched At Trump Rally Shake Hands In Court
1,Trump’s To-Do List: What to Expect From an Unexpected President
0,Ex-Waffle House CEO: Maid tried to blackmail me with our sex tape
0,Turning Six-Second Vines Into Thousands of Dollars
1,FinTech 50 2016: The Future Of Your Money
1,Cheers! The secret to finding the perfect champagne this Christmas is choosing one with BIG bubbles
1,Will we be able to cryogenically freeze organs one day?
0,NY Times: Trump’s Deportation Efforts ‘Not So Unusual’
1,Why Democrats aren't worried about the 'nuclear option'
1,Ed Sheeran Has Broken His Social Media Silence And OMG Is 2016 Saved?
1,Are you a young person thinking of entering politics?
0,Judge Backs Charges Against Cleveland Officers in Killing of Tamir Rice
0,Watch E! News Now Season 2016 Excerpt Free Online - Kardashian Christmas Cards Through the Years | Yahoo View
1,Here's What Happens When You Try to Block Mark Zuckerberg on Facebook
1,Drake Finally Dropped His New Album And People Are Shook
0,IBMVoice: Cognitive Driving Hits The Gas: IBM Takes To The Road With BMW
1,Brexit: Supreme Court judges to deliver verdict on Theresa May's plans for EU withdrawal
0,Chris Stamp Teases Another Stampd x Kith Collaboration
0,George H.W. Bush and wife Barbara take part in Super Bowl coin toss - a week after being released from hospital 
1,Why Fox stock is immune to Bill O'Reilly scandal
0,"A full moon, lunar eclipse and comet all in one evening? It happens tonight."
1,Faux-pulist: Elizabeth Warren Condemns Sessions for Suggesting Wealthy Corporations Should Hire Americans
0,There will be no one in charge of Americaâs nuclear arsenal when Trump takes office
1,What's Really Going On With Your Late-Night Bathroom Trips
0,"One quarter of Americans believe God will intervene in the Super Bowl, survey says"
1,Florida Taxpayers Paid Pitbull $1 Million to Promote Tourism With ‘Sexy Beaches’ Music Video
1,‘Detroit Free Press’ Sports Op-Ed Insists Players Should Become Left-Wing Activists
0,'Man with the golden arm' has saved over TWO MILLION babies by donating his rare type of blood thousands of times (but he never watches the needle go in)
1,Eleven Ways to Stop Winter Weather Delays From Ruining Your Travels
1,"Everything you want to know about the Trump Cabinet confirmation hearings, votes"
1,"Karan Johar Becomes A Father To Twins, Irrfan Khan Gets Mobbed In Gangtok & More From Ent"
1,Alec Baldwin Denies ‘SNL’ Impression Helped Trump Win
1,America's Favorite Vinyl Records By State
1,"Sonu Nigam Shaves His Head Off, Kapil Sharma & Sunil Grover To Appear On A Show & More From Ent"
0,Blow-up dolls might be the answer to ending prison violence
1,Surprise! Trump is listening to critics
1,Student Claims He Was Suspended for Challenging Muslim Professor’s Teaching That Jesus Wasn’t Crucified
0,7-year-old South Carolina boy discovers bag of cash stashed away at gas station 
0,MLB bans practice of hazing rookies by making them dress as women
0,A mysterious pair of Google headphones have shown up in FCC filings
1,"It's Easier To Start A Company In India Than Shutting It Down, Thanks To The Maze Of Laws"
0,Germany is showing Donald Trump how to America The list
0,'Let it be an arms race': Trump doubles down on nuclear weapons tweet
0,The reason your team will not be making the trip to the Final Four
1,"18 Wikipedia Pages That’ll Make You Say ""Fuck, That’s Interesting"""
0,"Revolutionary Power Plant Captures All Its Carbon Emissions, At No Extra Cost"
1,Brandon Spikes released by New England Patriots
1,PewDiePie taught YouTube a valuable lesson
1,Russian fighter plane intercepting unarmed U.S. jet came within TEN FEET of mid-air collision
0,Trumpery and Social Darwinism
1,How the Humble Taco Inspired a $750 Mexican Meal
0,36 ISIS Militants Reportedly Killed By U.S. 'Mother Of All Bombs' Attack In Afghanistan
0,Report: Pa. man who saw Amber Alert helped find infant abducted by murder suspect
0,Forest Officials Watch As 'Fox Jallikattu' Is Organised In Tamil Nadu
0,A startup that's developed an anti-aging supplement just raised $20 million
0,Anti-Islamic senator to control Aussie senate
0,Trump Administration Says Iran Complying With Nuclear Deal
1,A Study Suggests That Extremely Smart People Are Loners
0,"The Batcave, a Graffiti Landmark in Brooklyn, Grows Up - The New York Times"
1,Trump Era Invites a Bolder Hollywood Red Carpet 
1,Page Not Found - Yahoo
0,Sesame Street helps poor kids learn faster
1,Here's What Happens When You Accidentally Buy Your Girlfriend 144 Pairs of Fuzzy Socks
0,How Healthy Are You? G.O.P. Bill Would Help Employers Find Out - The New York Times
0,"Donald Trump Tweets: Ted Cruz ’Stole’ Iowa, Results Should Be ’Nullified’ - Breitbart"
0,The rise of 'modest' fashion
1,The clever pun pictures (that aren't as easy as you think) baffling the Internet... so how many can YOU solve?
1,We compared prices at Whole Foods to those at Trader Joe's â and the results were surprising
1,11 Inspiring Stories Of People Who Bounced Back After Failing
0,Gov. Paul LePage on Trump: ’We got to tell him that the TV show’s over and he’s gotta move on now’
0,"Diane Greene, one of the most powerful women in tech, just promised to protect other women at Google"
0,"The Weeknd Tops Billboard Artist 100, George Michael Debuts at No. 8"
1,Moby says he'll DJ at Trump's inauguration under one condition
1,"Here's what it's like to interview for the CIA, from people who have done it"
1,"Faulty appliances cause 12,000 fires, Which? research finds"
1,International Women's Day: Five reasons life is hard for women in 2017 (and what you can do to improve it)
1,Trevor Noah explains how aliens have invaded Earth and it has to do with Trump's hair
0,The Tim Cook era at Apple is about morality as much as innovation
0,Bill Simmons declares war on ESPN after it blocked employees from his podcast
0,"Santo Domingo, Latin America’s Oldest Colonial City, Spends Millions to Rebuild, Gentrify"
1,Backflip Catch Attempt off Rooftop Ends Horribly
1,"Donald Trump Meets With Big-Pharma, Vows ‘Big-Time’ Price Changes"
1,Can you spell EVERY one of these words correctly? Fiendishly tricky vocabulary quiz claims just 1% of players will score full marks
1,Bill O'Reilly talked about the 'white establishment' and Twitter went into meltdown
1,"Gummy Bear Maker Haribo to Build Plant in Wisconsin, Creating 400 Jobs"
0,America Doesn’t Have a Successor
0,Pizza chains are making a desperate push to avoid posting calories on menus
1,What’s a little oil between neighbors? Venezuela-Guyana tensions flare.
1,"Not Withdrawing Rs 2,000 Notes Says Government, Nizamuddin Clerics Missing In Pakistan And Other Must Reads"
0,‘Not My President’s Day’: Thousands Protest at Anti-Trump Rallies Across U.S.
1,"Students Denounced as ‘Racist’ For Wearing Red, White and Blue Clothing at Basketball Game"
1,"America doesn't care anymore, detains beloved children's book author"
0,Full Text of Supreme Court Nominee Gorsuch's Remarks to Senate Panel
1,"Los Angeles Times Editorial Loses It over Trump: ‘Narcissist,’ ‘Demagogue’"
0,‘The Daily’: A Defiant Display of Conservative Unity 
1,100-year-old woman says the secret to a long life is 'a lot of booze'
0,United Airlines lifts ground stop for domestic flights
1,"McCain, Graham Join Democrats, Demand Probe into Claims of Russian Hacking"
1,What Stephen Curry’s Free Throws Can Teach Investors - The Experts
0,‘Merry Christmas Everybody’: Obamas Share Final Holiday Address
1,Business Interests Benefitting from Castro Regime Urge Trump to Be Friendly to Cuba
1,"All you Valentine's Day haters are wrong. There, I've said it."
1,Trump’s Approval Ratings Jump to 50 Percent
0,Supreme Court to take up appeal of men convicted in 1984 gang murder
0,Jay Cutler Photographed Naked on Instagram by Wife Kristin Cavallari
1,"Are You Warm-Hearted Or A Cold, Hard Bitch?"
1,Housing crisis: the empty nester's guide to downsizing
0,Pelosi: ‘Of Course’ You Can Be a Democrat and Against Abortion
0,"GOP Congress rolls back rules on hunting, broadband privacy "
0,Vatican mole left secret messages hidden in confession box in Renaissance church in Rome
1,"Despite the negative stigma, payday loans are not much different from credit cards"
1,Britain's oldest Olympian: Hitler stopped me getting a medal so I bombed him
1,How to Get the Benefits of Fasting With Less Deprivation
0,‘Damaged masculinity’ may help explain Columbine and other mass shootings
1,Om Swami Is The Most Outrageous Person On Bigg Boss 10 And Here's Why He Needs To Be Eliminated
0,Saudi Arabia to allow female-only gyms this month
1,"NFLPA Uses Muslim Ban Hash Tag, Addresses Questions as if Muslim Ban is a Real Thing"
0,"Malfatti, The Dumpling That Became A Napa Valley Legend"
1,Watch: 'Logan' Hugh Jackman Has A 'Special Message' For Team Cricket India Against Australia!
1,The 2017 Oscars by the Numbers [Video]
1,UBSVoice: Do You Live In An Expensive City?
1,Was this murderous attack on a Russian diplomat revenge for Turkey's dirty deal with Putin? 
1,Is this the 'master switch' that prevents Parkinson's disease? Scientists discover key gene that stops brain cells from dying
0,"Canny and confrontational, Miley Cyrus is this generation’s Madonna"
1,TIME reveals 100 Most Influential People of 2017 — check out full list
1,"This Brave Fitness Blogger Reveals Her Hairy Legs and Armpits, After Not Shaving For a Year To Encourage Natural Beauty"
0,Pakistan: dozens dead as bomb hits mourners at Quetta hospital
0,Hershey rejects mega-bid to create the world’s biggest candy company
1,Curious world of North Korea's exports – from badger furs to 'strength pills'
0,Exclusive: White House to review ban on military gear for police - police leaders
1,15 Mistakes You're Making When Trying To Lose Weight
1,Michelle Bernard on Trump Presidency: ‘You Can’t Help But Think’ Slavery Is Coming Back
0,The Dark Days Are Over: Bruce Arena Is Making the USMNT Fun Again
0,It's Time To Manage Expectations A Bit With 'Horizon Zero Dawn'
0,Watch Adele Panic Over a Mosquito Onstage
0,Emma Stone and Ryan Gosling Get 8-Bit Makeovers in Funny – If Still Star-Crossed – 'La La Land' Video Game Spoof
1,This A Capella Cover Of The 'Jurassic Park' Theme Song Is Simply Dino-Mite
0,Play the PC Game Elon Musk Wrote As a Preteen
0,"In Trump’s world, is it okay to use chemical weapons? Now we will find out."
0,Brexit Brexit: UK Supreme Court rules Government needs parliamentary approval to start leaving EU
0,A Christmas to Remember: Teens Band Together to Buy Classmate New Shoes
1,"Illinois Second Graders Adore School Janitor, Line Up to Get Yearbooks Autographed - Yahoo"
1,How Anyone Can Invest Like Warren Buffett
0,Park Service Names 24 Diverse National Landmarks - The New York Times
1,Hillary Clinton Staffers Considered Campaign Slogan ‘Because It’s Her Turn’
1,Divers find leg attached to cinder block in search for missing woman
1,"8 Habits That Make Millennials Stressed, Anxious And Unproductive"
0,Why Syria could be Trump's biggest problem
1,21 Savage Kourtney Kardashian Burns We Still Haven’t Recovered From
0,Vows Against Illegal Immigration Return At Trump’s “Thank You” Rally
0,"Colombia president: 112 people confirmed dead after river overflows, toppling homes "
0,"Apple Speeds Up, Refines OS X With ‘El Capitan’"
0,New cats Evie and Ossie join Westminster moggies as Cabinet Office mousers
1,‘Game of Thrones’ reveals its Season 7 summer release date
0,US Soldiers Indoctrinated on Evils of ’White Privilege’ - Breitbart
1,She had something to say about Betsy DeVos. So she sent her senator a pizza — with a message.
1,"17 Nurses Reveal The Worst Things People Got Stuck Up Their Penises, Vaginas, And Butts"
1,Girl Scout takes on the mantle of truth in advertising
0,Disney and MLB purchase streaming rights for 'League of Legends'
1,Who gets fooled most by phone fraud?
0,"EXCLUSIVE: 'I'm the real victim here' - cop who quit over body-slamming bikini girl, 15, speaks from hiding place where he is being guarded by off-duty officers after death threats"
0,"Christopher Lee, ‘Star Wars’ and ‘Lord of the Rings’ Actor, Dies: Reports"
1,Avian flu taking a bite out of McMuffin availability? 
1,What zapping your brain with electricity feels like
0,Tillerson approved by Senate panel as secretary of state
0,China’s Xi Jinping Seizes Role as Leader on Globalization
0,"Police seize 45,000 euros from Cristiano Ronaldo's mother in Spain after she tried to leave the country without declaring the cash "
1,Stephen Colbert Has the Perfect 'Dumbass' Answer to Kid Rock's Badass Grill
0,Power Rankings: How high can streaking Rockets soar?
0,Holding Trump’s Feet to the Fire
1,"These 5 historic properties are on sale for less than $250,000"
1,From croissants to cereal bars and even yoghurt: Expert reveals the things you SHOULDN'T be having for breakfast
0,Progressive Celebrities Want You to Vote . . . If You’re Voting for Clinton
1,Is Australia on the brink of becoming a completely cashless society?
0,"Mike WiLL Made-It Enlists YG, Migos & 21 Savage for 'Gucci on My': Listen"
1,5 things you may not know about retirement
0,"Obama And Putin Still Can’t Agree On Syria And, Boy, Do They Hate Each Other"
1,Here Are 18 Facts We Didn’t Know At The Start Of February
0,"Spurning Tiffany Trump, the fashion world proves its hypocrisy"
0,The Fall Guy by James Lasdun review – shades of Hitchcock and Highsmith
1,Caddell: ‘It’s a Trump White House But Is This Going to Be a Ryan Government?’
0,Fireworks black market: Experts struggle to halt sale of illegal crackers
0,A master networker explains how to single out the most interesting people at any event
1,Sears Admits It Has 'Substantial Doubt' About Its Ability To Survive
0,Macau’s Four-Month Winning Streak Fuels Turnaround Hopes 
1,Tim Tebow's debut gives fans what they wanted: heroics
1,This Giant Gray Blobby Thing Has Become A Huge Meme In Russia For Some Reason
0,"Autistic Woman Kept in Backyard Cage and Forced Into Prostitution, Say Police"
1,'We are making science' says man as his doctor reveals plans for head transplant
